qid,docid,docno,rank,score,query
1,87,87,0,-1.3440010992014975,hairdresser
1,143,143,1,-1.4314583666245952,hairdresser
1,169,169,2,-1.4314583666245952,hairdresser
1,286,286,3,-1.4314583666245952,hairdresser
1,1032,1032,4,-1.4314583666245952,hairdresser
1,151,151,5,-1.4631962234570481,hairdresser
1,167,167,6,-1.4631962234570481,hairdresser
1,177,177,7,-1.4631962234570481,hairdresser
1,156,156,8,-1.496373355558057,hairdresser
1,162,162,9,-1.496373355558057,hairdresser
1,443,443,10,-1.496373355558057,hairdresser
1,484,484,11,-1.496373355558057,hairdresser
1,9,9,12,-1.531089938567241,hairdresser
1,36,36,13,-1.531089938567241,hairdresser
1,142,142,14,-1.531089938567241,hairdresser
1,144,144,15,-1.531089938567241,hairdresser
1,161,161,16,-1.531089938567241,hairdresser
1,456,456,17,-1.531089938567241,hairdresser
1,1308,1308,18,-1.531089938567241,hairdresser
1,1497,1497,19,-1.531089938567241,hairdresser
1,3016,3016,20,-1.531089938567241,hairdresser
1,90,90,21,-1.5674556654225986,hairdresser
1,116,116,22,-1.5674556654225986,hairdresser
1,230,230,23,-1.5674556654225986,hairdresser
1,260,260,24,-1.5674556654225986,hairdresser
1,311,311,25,-1.5674556654225986,hairdresser
1,343,343,26,-1.5674556654225986,hairdresser
1,763,763,27,-1.5674556654225986,hairdresser
1,1474,1474,28,-1.5674556654225986,hairdresser
1,3010,3010,29,-1.5674556654225986,hairdresser
1,3015,3015,30,-1.5674556654225986,hairdresser
1,77,77,31,-1.605590904110783,hairdresser
1,137,137,32,-1.605590904110783,hairdresser
1,141,141,33,-1.605590904110783,hairdresser
1,163,163,34,-1.605590904110783,hairdresser
1,251,251,35,-1.605590904110783,hairdresser
1,265,265,36,-1.605590904110783,hairdresser
1,379,379,37,-1.605590904110783,hairdresser
1,404,404,38,-1.605590904110783,hairdresser
1,425,425,39,-1.605590904110783,hairdresser
1,522,522,40,-1.605590904110783,hairdresser
1,907,907,41,-1.605590904110783,hairdresser
1,1334,1334,42,-1.605590904110783,hairdresser
1,1591,1591,43,-1.605590904110783,hairdresser
1,2900,2900,44,-1.605590904110783,hairdresser
1,3012,3012,45,-1.605590904110783,hairdresser
1,13,13,46,-1.645628028635816,hairdresser
1,28,28,47,-1.645628028635816,hairdresser
1,37,37,48,-1.645628028635816,hairdresser
1,50,50,49,-1.645628028635816,hairdresser
1,84,84,50,-1.645628028635816,hairdresser
1,131,131,51,-1.645628028635816,hairdresser
1,136,136,52,-1.645628028635816,hairdresser
1,154,154,53,-1.645628028635816,hairdresser
1,170,170,54,-1.645628028635816,hairdresser
1,181,181,55,-1.645628028635816,hairdresser
1,222,222,56,-1.645628028635816,hairdresser
1,223,223,57,-1.645628028635816,hairdresser
1,231,231,58,-1.645628028635816,hairdresser
1,237,237,59,-1.645628028635816,hairdresser
1,285,285,60,-1.645628028635816,hairdresser
1,293,293,61,-1.645628028635816,hairdresser
1,306,306,62,-1.645628028635816,hairdresser
1,344,344,63,-1.645628028635816,hairdresser
1,345,345,64,-1.645628028635816,hairdresser
1,408,408,65,-1.645628028635816,hairdresser
1,410,410,66,-1.645628028635816,hairdresser
1,429,429,67,-1.645628028635816,hairdresser
1,924,924,68,-1.645628028635816,hairdresser
1,990,990,69,-1.645628028635816,hairdresser
1,1178,1178,70,-1.645628028635816,hairdresser
1,1272,1272,71,-1.645628028635816,hairdresser
1,1425,1425,72,-1.645628028635816,hairdresser
1,2007,2007,73,-1.645628028635816,hairdresser
1,2156,2156,74,-1.645628028635816,hairdresser
1,2917,2917,75,-1.645628028635816,hairdresser
1,3000,3000,76,-1.645628028635816,hairdresser
1,3022,3022,77,-1.645628028635816,hairdresser
1,3039,3039,78,-1.645628028635816,hairdresser
1,5,5,79,-1.6877129542151923,hairdresser
1,27,27,80,-1.6877129542151923,hairdresser
1,39,39,81,-1.6877129542151923,hairdresser
1,53,53,82,-1.6877129542151923,hairdresser
1,70,70,83,-1.6877129542151923,hairdresser
1,71,71,84,-1.6877129542151923,hairdresser
1,132,132,85,-1.6877129542151923,hairdresser
1,155,155,86,-1.6877129542151923,hairdresser
1,176,176,87,-1.6877129542151923,hairdresser
1,195,195,88,-1.6877129542151923,hairdresser
1,239,239,89,-1.6877129542151923,hairdresser
1,316,316,90,-1.6877129542151923,hairdresser
1,321,321,91,-1.6877129542151923,hairdresser
1,403,403,92,-1.6877129542151923,hairdresser
1,486,486,93,-1.6877129542151923,hairdresser
1,512,512,94,-1.6877129542151923,hairdresser
1,514,514,95,-1.6877129542151923,hairdresser
1,546,546,96,-1.6877129542151923,hairdresser
1,561,561,97,-1.6877129542151923,hairdresser
1,658,658,98,-1.6877129542151923,hairdresser
1,765,765,99,-1.6877129542151923,hairdresser
1,821,821,100,-1.6877129542151923,hairdresser
1,915,915,101,-1.6877129542151923,hairdresser
1,1002,1002,102,-1.6877129542151923,hairdresser
1,1148,1148,103,-1.6877129542151923,hairdresser
1,1221,1221,104,-1.6877129542151923,hairdresser
1,1253,1253,105,-1.6877129542151923,hairdresser
1,1265,1265,106,-1.6877129542151923,hairdresser
1,1346,1346,107,-1.6877129542151923,hairdresser
1,1392,1392,108,-1.6877129542151923,hairdresser
1,1489,1489,109,-1.6877129542151923,hairdresser
1,1493,1493,110,-1.6877129542151923,hairdresser
1,1603,1603,111,-1.6877129542151923,hairdresser
1,3003,3003,112,-1.6877129542151923,hairdresser
1,7,7,113,-1.7320069142229486,hairdresser
1,21,21,114,-1.7320069142229486,hairdresser
1,29,29,115,-1.7320069142229486,hairdresser
1,32,32,116,-1.7320069142229486,hairdresser
1,34,34,117,-1.7320069142229486,hairdresser
1,64,64,118,-1.7320069142229486,hairdresser
1,92,92,119,-1.7320069142229486,hairdresser
1,103,103,120,-1.7320069142229486,hairdresser
1,134,134,121,-1.7320069142229486,hairdresser
1,157,157,122,-1.7320069142229486,hairdresser
1,171,171,123,-1.7320069142229486,hairdresser
1,187,187,124,-1.7320069142229486,hairdresser
1,199,199,125,-1.7320069142229486,hairdresser
1,205,205,126,-1.7320069142229486,hairdresser
1,215,215,127,-1.7320069142229486,hairdresser
1,216,216,128,-1.7320069142229486,hairdresser
1,234,234,129,-1.7320069142229486,hairdresser
1,240,240,130,-1.7320069142229486,hairdresser
1,248,248,131,-1.7320069142229486,hairdresser
1,282,282,132,-1.7320069142229486,hairdresser
1,304,304,133,-1.7320069142229486,hairdresser
1,324,324,134,-1.7320069142229486,hairdresser
1,326,326,135,-1.7320069142229486,hairdresser
1,330,330,136,-1.7320069142229486,hairdresser
1,337,337,137,-1.7320069142229486,hairdresser
1,393,393,138,-1.7320069142229486,hairdresser
1,409,409,139,-1.7320069142229486,hairdresser
1,424,424,140,-1.7320069142229486,hairdresser
1,467,467,141,-1.7320069142229486,hairdresser
1,475,475,142,-1.7320069142229486,hairdresser
1,508,508,143,-1.7320069142229486,hairdresser
1,511,511,144,-1.7320069142229486,hairdresser
1,525,525,145,-1.7320069142229486,hairdresser
1,529,529,146,-1.7320069142229486,hairdresser
1,605,605,147,-1.7320069142229486,hairdresser
1,622,622,148,-1.7320069142229486,hairdresser
1,638,638,149,-1.7320069142229486,hairdresser
1,662,662,150,-1.7320069142229486,hairdresser
1,663,663,151,-1.7320069142229486,hairdresser
1,666,666,152,-1.7320069142229486,hairdresser
1,806,806,153,-1.7320069142229486,hairdresser
1,863,863,154,-1.7320069142229486,hairdresser
1,914,914,155,-1.7320069142229486,hairdresser
1,958,958,156,-1.7320069142229486,hairdresser
1,960,960,157,-1.7320069142229486,hairdresser
1,997,997,158,-1.7320069142229486,hairdresser
1,1003,1003,159,-1.7320069142229486,hairdresser
1,1014,1014,160,-1.7320069142229486,hairdresser
1,1020,1020,161,-1.7320069142229486,hairdresser
1,1023,1023,162,-1.7320069142229486,hairdresser
1,1085,1085,163,-1.7320069142229486,hairdresser
1,1119,1119,164,-1.7320069142229486,hairdresser
1,1150,1150,165,-1.7320069142229486,hairdresser
1,1153,1153,166,-1.7320069142229486,hairdresser
1,1173,1173,167,-1.7320069142229486,hairdresser
1,1202,1202,168,-1.7320069142229486,hairdresser
1,1215,1215,169,-1.7320069142229486,hairdresser
1,1217,1217,170,-1.7320069142229486,hairdresser
1,1285,1285,171,-1.7320069142229486,hairdresser
1,1409,1409,172,-1.7320069142229486,hairdresser
1,1538,1538,173,-1.7320069142229486,hairdresser
1,1601,1601,174,-1.7320069142229486,hairdresser
1,2227,2227,175,-1.7320069142229486,hairdresser
1,2918,2918,176,-1.7320069142229486,hairdresser
1,3005,3005,177,-1.7320069142229486,hairdresser
1,3009,3009,178,-1.7320069142229486,hairdresser
1,6,6,179,-1.778688524489201,hairdresser
1,20,20,180,-1.778688524489201,hairdresser
1,45,45,181,-1.778688524489201,hairdresser
1,86,86,182,-1.778688524489201,hairdresser
1,102,102,183,-1.778688524489201,hairdresser
1,104,104,184,-1.778688524489201,hairdresser
1,110,110,185,-1.778688524489201,hairdresser
1,124,124,186,-1.778688524489201,hairdresser
1,182,182,187,-1.778688524489201,hairdresser
1,211,211,188,-1.778688524489201,hairdresser
1,233,233,189,-1.778688524489201,hairdresser
1,236,236,190,-1.778688524489201,hairdresser
1,264,264,191,-1.778688524489201,hairdresser
1,295,295,192,-1.778688524489201,hairdresser
1,301,301,193,-1.778688524489201,hairdresser
1,362,362,194,-1.778688524489201,hairdresser
1,367,367,195,-1.778688524489201,hairdresser
1,437,437,196,-1.778688524489201,hairdresser
1,438,438,197,-1.778688524489201,hairdresser
1,470,470,198,-1.778688524489201,hairdresser
1,472,472,199,-1.778688524489201,hairdresser
1,483,483,200,-1.778688524489201,hairdresser
1,489,489,201,-1.778688524489201,hairdresser
1,505,505,202,-1.778688524489201,hairdresser
1,510,510,203,-1.778688524489201,hairdresser
1,517,517,204,-1.778688524489201,hairdresser
1,523,523,205,-1.778688524489201,hairdresser
1,535,535,206,-1.778688524489201,hairdresser
1,568,568,207,-1.778688524489201,hairdresser
1,585,585,208,-1.778688524489201,hairdresser
1,604,604,209,-1.778688524489201,hairdresser
1,608,608,210,-1.778688524489201,hairdresser
1,609,609,211,-1.778688524489201,hairdresser
1,617,617,212,-1.778688524489201,hairdresser
1,653,653,213,-1.778688524489201,hairdresser
1,815,815,214,-1.778688524489201,hairdresser
1,826,826,215,-1.778688524489201,hairdresser
1,828,828,216,-1.778688524489201,hairdresser
1,869,869,217,-1.778688524489201,hairdresser
1,894,894,218,-1.778688524489201,hairdresser
1,897,897,219,-1.778688524489201,hairdresser
1,935,935,220,-1.778688524489201,hairdresser
1,955,955,221,-1.778688524489201,hairdresser
1,961,961,222,-1.778688524489201,hairdresser
1,989,989,223,-1.778688524489201,hairdresser
1,991,991,224,-1.778688524489201,hairdresser
1,1029,1029,225,-1.778688524489201,hairdresser
1,1042,1042,226,-1.778688524489201,hairdresser
1,1080,1080,227,-1.778688524489201,hairdresser
1,1083,1083,228,-1.778688524489201,hairdresser
1,1094,1094,229,-1.778688524489201,hairdresser
1,1167,1167,230,-1.778688524489201,hairdresser
1,1229,1229,231,-1.778688524489201,hairdresser
1,1231,1231,232,-1.778688524489201,hairdresser
1,1258,1258,233,-1.778688524489201,hairdresser
1,1270,1270,234,-1.778688524489201,hairdresser
1,1309,1309,235,-1.778688524489201,hairdresser
1,1328,1328,236,-1.778688524489201,hairdresser
1,1349,1349,237,-1.778688524489201,hairdresser
1,1359,1359,238,-1.778688524489201,hairdresser
1,1398,1398,239,-1.778688524489201,hairdresser
1,1414,1414,240,-1.778688524489201,hairdresser
1,1439,1439,241,-1.778688524489201,hairdresser
1,1511,1511,242,-1.778688524489201,hairdresser
1,1580,1580,243,-1.778688524489201,hairdresser
1,1594,1594,244,-1.778688524489201,hairdresser
1,1611,1611,245,-1.778688524489201,hairdresser
1,1641,1641,246,-1.778688524489201,hairdresser
1,1644,1644,247,-1.778688524489201,hairdresser
1,1676,1676,248,-1.778688524489201,hairdresser
1,1678,1678,249,-1.778688524489201,hairdresser
1,1698,1698,250,-1.778688524489201,hairdresser
1,1715,1715,251,-1.778688524489201,hairdresser
1,1721,1721,252,-1.778688524489201,hairdresser
1,1914,1914,253,-1.778688524489201,hairdresser
1,2310,2310,254,-1.778688524489201,hairdresser
1,2330,2330,255,-1.778688524489201,hairdresser
1,2905,2905,256,-1.778688524489201,hairdresser
1,3007,3007,257,-1.778688524489201,hairdresser
1,3011,3011,258,-1.778688524489201,hairdresser
1,3028,3028,259,-1.778688524489201,hairdresser
1,3034,3034,260,-1.778688524489201,hairdresser
1,3041,3041,261,-1.778688524489201,hairdresser
1,3045,3045,262,-1.778688524489201,hairdresser
1,8,8,263,-1.8279561906722956,hairdresser
1,46,46,264,-1.8279561906722956,hairdresser
1,48,48,265,-1.8279561906722956,hairdresser
1,54,54,266,-1.8279561906722956,hairdresser
1,74,74,267,-1.8279561906722956,hairdresser
1,79,79,268,-1.8279561906722956,hairdresser
1,101,101,269,-1.8279561906722956,hairdresser
1,108,108,270,-1.8279561906722956,hairdresser
1,115,115,271,-1.8279561906722956,hairdresser
1,148,148,272,-1.8279561906722956,hairdresser
1,164,164,273,-1.8279561906722956,hairdresser
1,172,172,274,-1.8279561906722956,hairdresser
1,173,173,275,-1.8279561906722956,hairdresser
1,184,184,276,-1.8279561906722956,hairdresser
1,197,197,277,-1.8279561906722956,hairdresser
1,203,203,278,-1.8279561906722956,hairdresser
1,210,210,279,-1.8279561906722956,hairdresser
1,242,242,280,-1.8279561906722956,hairdresser
1,254,254,281,-1.8279561906722956,hairdresser
1,261,261,282,-1.8279561906722956,hairdresser
1,270,270,283,-1.8279561906722956,hairdresser
1,276,276,284,-1.8279561906722956,hairdresser
1,289,289,285,-1.8279561906722956,hairdresser
1,358,358,286,-1.8279561906722956,hairdresser
1,361,361,287,-1.8279561906722956,hairdresser
1,371,371,288,-1.8279561906722956,hairdresser
1,384,384,289,-1.8279561906722956,hairdresser
1,397,397,290,-1.8279561906722956,hairdresser
1,417,417,291,-1.8279561906722956,hairdresser
1,422,422,292,-1.8279561906722956,hairdresser
1,441,441,293,-1.8279561906722956,hairdresser
1,444,444,294,-1.8279561906722956,hairdresser
1,453,453,295,-1.8279561906722956,hairdresser
1,459,459,296,-1.8279561906722956,hairdresser
1,478,478,297,-1.8279561906722956,hairdresser
1,493,493,298,-1.8279561906722956,hairdresser
1,499,499,299,-1.8279561906722956,hairdresser
1,501,501,300,-1.8279561906722956,hairdresser
1,516,516,301,-1.8279561906722956,hairdresser
1,518,518,302,-1.8279561906722956,hairdresser
1,528,528,303,-1.8279561906722956,hairdresser
1,542,542,304,-1.8279561906722956,hairdresser
1,543,543,305,-1.8279561906722956,hairdresser
1,602,602,306,-1.8279561906722956,hairdresser
1,624,624,307,-1.8279561906722956,hairdresser
1,640,640,308,-1.8279561906722956,hairdresser
1,650,650,309,-1.8279561906722956,hairdresser
1,651,651,310,-1.8279561906722956,hairdresser
1,654,654,311,-1.8279561906722956,hairdresser
1,677,677,312,-1.8279561906722956,hairdresser
1,742,742,313,-1.8279561906722956,hairdresser
1,750,750,314,-1.8279561906722956,hairdresser
1,752,752,315,-1.8279561906722956,hairdresser
1,758,758,316,-1.8279561906722956,hairdresser
1,789,789,317,-1.8279561906722956,hairdresser
1,797,797,318,-1.8279561906722956,hairdresser
1,813,813,319,-1.8279561906722956,hairdresser
1,831,831,320,-1.8279561906722956,hairdresser
1,862,862,321,-1.8279561906722956,hairdresser
1,876,876,322,-1.8279561906722956,hairdresser
1,883,883,323,-1.8279561906722956,hairdresser
1,895,895,324,-1.8279561906722956,hairdresser
1,911,911,325,-1.8279561906722956,hairdresser
1,916,916,326,-1.8279561906722956,hairdresser
1,927,927,327,-1.8279561906722956,hairdresser
1,934,934,328,-1.8279561906722956,hairdresser
1,946,946,329,-1.8279561906722956,hairdresser
1,953,953,330,-1.8279561906722956,hairdresser
1,986,986,331,-1.8279561906722956,hairdresser
1,1006,1006,332,-1.8279561906722956,hairdresser
1,1024,1024,333,-1.8279561906722956,hairdresser
1,1068,1068,334,-1.8279561906722956,hairdresser
1,1072,1072,335,-1.8279561906722956,hairdresser
1,1097,1097,336,-1.8279561906722956,hairdresser
1,1117,1117,337,-1.8279561906722956,hairdresser
1,1135,1135,338,-1.8279561906722956,hairdresser
1,1145,1145,339,-1.8279561906722956,hairdresser
1,1162,1162,340,-1.8279561906722956,hairdresser
1,1190,1190,341,-1.8279561906722956,hairdresser
1,1224,1224,342,-1.8279561906722956,hairdresser
1,1244,1244,343,-1.8279561906722956,hairdresser
1,1246,1246,344,-1.8279561906722956,hairdresser
1,1281,1281,345,-1.8279561906722956,hairdresser
1,1343,1343,346,-1.8279561906722956,hairdresser
1,1347,1347,347,-1.8279561906722956,hairdresser
1,1353,1353,348,-1.8279561906722956,hairdresser
1,1355,1355,349,-1.8279561906722956,hairdresser
1,1401,1401,350,-1.8279561906722956,hairdresser
1,1407,1407,351,-1.8279561906722956,hairdresser
1,1441,1441,352,-1.8279561906722956,hairdresser
1,1453,1453,353,-1.8279561906722956,hairdresser
1,1478,1478,354,-1.8279561906722956,hairdresser
1,1485,1485,355,-1.8279561906722956,hairdresser
1,1504,1504,356,-1.8279561906722956,hairdresser
1,1541,1541,357,-1.8279561906722956,hairdresser
1,1548,1548,358,-1.8279561906722956,hairdresser
1,1568,1568,359,-1.8279561906722956,hairdresser
1,1577,1577,360,-1.8279561906722956,hairdresser
1,1581,1581,361,-1.8279561906722956,hairdresser
1,1642,1642,362,-1.8279561906722956,hairdresser
1,1646,1646,363,-1.8279561906722956,hairdresser
1,1658,1658,364,-1.8279561906722956,hairdresser
1,1661,1661,365,-1.8279561906722956,hairdresser
1,1670,1670,366,-1.8279561906722956,hairdresser
1,1682,1682,367,-1.8279561906722956,hairdresser
1,1708,1708,368,-1.8279561906722956,hairdresser
1,1712,1712,369,-1.8279561906722956,hairdresser
1,1729,1729,370,-1.8279561906722956,hairdresser
1,1736,1736,371,-1.8279561906722956,hairdresser
1,1937,1937,372,-1.8279561906722956,hairdresser
1,1939,1939,373,-1.8279561906722956,hairdresser
1,2036,2036,374,-1.8279561906722956,hairdresser
1,2178,2178,375,-1.8279561906722956,hairdresser
1,2198,2198,376,-1.8279561906722956,hairdresser
1,2254,2254,377,-1.8279561906722956,hairdresser
1,3002,3002,378,-1.8279561906722956,hairdresser
1,3027,3027,379,-1.8279561906722956,hairdresser
1,3036,3036,380,-1.8279561906722956,hairdresser
1,3043,3043,381,-1.8279561906722956,hairdresser
1,3044,3044,382,-1.8279561906722956,hairdresser
1,3046,3046,383,-1.8279561906722956,hairdresser
1,2,2,384,-1.8800309271176356,hairdresser
1,12,12,385,-1.8800309271176356,hairdresser
1,52,52,386,-1.8800309271176356,hairdresser
1,55,55,387,-1.8800309271176356,hairdresser
1,57,57,388,-1.8800309271176356,hairdresser
1,58,58,389,-1.8800309271176356,hairdresser
1,59,59,390,-1.8800309271176356,hairdresser
1,61,61,391,-1.8800309271176356,hairdresser
1,73,73,392,-1.8800309271176356,hairdresser
1,78,78,393,-1.8800309271176356,hairdresser
1,89,89,394,-1.8800309271176356,hairdresser
1,112,112,395,-1.8800309271176356,hairdresser
1,139,139,396,-1.8800309271176356,hairdresser
1,140,140,397,-1.8800309271176356,hairdresser
1,158,158,398,-1.8800309271176356,hairdresser
1,159,159,399,-1.8800309271176356,hairdresser
1,160,160,400,-1.8800309271176356,hairdresser
1,183,183,401,-1.8800309271176356,hairdresser
1,188,188,402,-1.8800309271176356,hairdresser
1,191,191,403,-1.8800309271176356,hairdresser
1,194,194,404,-1.8800309271176356,hairdresser
1,196,196,405,-1.8800309271176356,hairdresser
1,241,241,406,-1.8800309271176356,hairdresser
1,255,255,407,-1.8800309271176356,hairdresser
1,271,271,408,-1.8800309271176356,hairdresser
1,272,272,409,-1.8800309271176356,hairdresser
1,288,288,410,-1.8800309271176356,hairdresser
1,291,291,411,-1.8800309271176356,hairdresser
1,299,299,412,-1.8800309271176356,hairdresser
1,322,322,413,-1.8800309271176356,hairdresser
1,327,327,414,-1.8800309271176356,hairdresser
1,335,335,415,-1.8800309271176356,hairdresser
1,339,339,416,-1.8800309271176356,hairdresser
1,353,353,417,-1.8800309271176356,hairdresser
1,365,365,418,-1.8800309271176356,hairdresser
1,368,368,419,-1.8800309271176356,hairdresser
1,382,382,420,-1.8800309271176356,hairdresser
1,387,387,421,-1.8800309271176356,hairdresser
1,395,395,422,-1.8800309271176356,hairdresser
1,418,418,423,-1.8800309271176356,hairdresser
1,434,434,424,-1.8800309271176356,hairdresser
1,448,448,425,-1.8800309271176356,hairdresser
1,449,449,426,-1.8800309271176356,hairdresser
1,450,450,427,-1.8800309271176356,hairdresser
1,458,458,428,-1.8800309271176356,hairdresser
1,464,464,429,-1.8800309271176356,hairdresser
1,477,477,430,-1.8800309271176356,hairdresser
1,485,485,431,-1.8800309271176356,hairdresser
1,490,490,432,-1.8800309271176356,hairdresser
1,494,494,433,-1.8800309271176356,hairdresser
1,502,502,434,-1.8800309271176356,hairdresser
1,503,503,435,-1.8800309271176356,hairdresser
1,536,536,436,-1.8800309271176356,hairdresser
1,576,576,437,-1.8800309271176356,hairdresser
1,591,591,438,-1.8800309271176356,hairdresser
1,610,610,439,-1.8800309271176356,hairdresser
1,631,631,440,-1.8800309271176356,hairdresser
1,634,634,441,-1.8800309271176356,hairdresser
1,645,645,442,-1.8800309271176356,hairdresser
1,648,648,443,-1.8800309271176356,hairdresser
1,664,664,444,-1.8800309271176356,hairdresser
1,669,669,445,-1.8800309271176356,hairdresser
1,672,672,446,-1.8800309271176356,hairdresser
1,695,695,447,-1.8800309271176356,hairdresser
1,711,711,448,-1.8800309271176356,hairdresser
1,717,717,449,-1.8800309271176356,hairdresser
1,718,718,450,-1.8800309271176356,hairdresser
1,720,720,451,-1.8800309271176356,hairdresser
1,722,722,452,-1.8800309271176356,hairdresser
1,731,731,453,-1.8800309271176356,hairdresser
1,741,741,454,-1.8800309271176356,hairdresser
1,760,760,455,-1.8800309271176356,hairdresser
1,770,770,456,-1.8800309271176356,hairdresser
1,787,787,457,-1.8800309271176356,hairdresser
1,812,812,458,-1.8800309271176356,hairdresser
1,822,822,459,-1.8800309271176356,hairdresser
1,824,824,460,-1.8800309271176356,hairdresser
1,825,825,461,-1.8800309271176356,hairdresser
1,832,832,462,-1.8800309271176356,hairdresser
1,838,838,463,-1.8800309271176356,hairdresser
1,851,851,464,-1.8800309271176356,hairdresser
1,872,872,465,-1.8800309271176356,hairdresser
1,887,887,466,-1.8800309271176356,hairdresser
1,891,891,467,-1.8800309271176356,hairdresser
1,896,896,468,-1.8800309271176356,hairdresser
1,912,912,469,-1.8800309271176356,hairdresser
1,928,928,470,-1.8800309271176356,hairdresser
1,938,938,471,-1.8800309271176356,hairdresser
1,950,950,472,-1.8800309271176356,hairdresser
1,951,951,473,-1.8800309271176356,hairdresser
1,952,952,474,-1.8800309271176356,hairdresser
1,957,957,475,-1.8800309271176356,hairdresser
1,970,970,476,-1.8800309271176356,hairdresser
1,982,982,477,-1.8800309271176356,hairdresser
1,983,983,478,-1.8800309271176356,hairdresser
1,984,984,479,-1.8800309271176356,hairdresser
1,996,996,480,-1.8800309271176356,hairdresser
1,1005,1005,481,-1.8800309271176356,hairdresser
1,1007,1007,482,-1.8800309271176356,hairdresser
1,1008,1008,483,-1.8800309271176356,hairdresser
1,1011,1011,484,-1.8800309271176356,hairdresser
1,1031,1031,485,-1.8800309271176356,hairdresser
1,1044,1044,486,-1.8800309271176356,hairdresser
1,1045,1045,487,-1.8800309271176356,hairdresser
1,1050,1050,488,-1.8800309271176356,hairdresser
1,1054,1054,489,-1.8800309271176356,hairdresser
1,1071,1071,490,-1.8800309271176356,hairdresser
1,1077,1077,491,-1.8800309271176356,hairdresser
1,1087,1087,492,-1.8800309271176356,hairdresser
1,1088,1088,493,-1.8800309271176356,hairdresser
1,1123,1123,494,-1.8800309271176356,hairdresser
1,1151,1151,495,-1.8800309271176356,hairdresser
1,1159,1159,496,-1.8800309271176356,hairdresser
1,1165,1165,497,-1.8800309271176356,hairdresser
1,1174,1174,498,-1.8800309271176356,hairdresser
1,1182,1182,499,-1.8800309271176356,hairdresser
1,1192,1192,500,-1.8800309271176356,hairdresser
1,1194,1194,501,-1.8800309271176356,hairdresser
1,1198,1198,502,-1.8800309271176356,hairdresser
1,1204,1204,503,-1.8800309271176356,hairdresser
1,1223,1223,504,-1.8800309271176356,hairdresser
1,1243,1243,505,-1.8800309271176356,hairdresser
1,1251,1251,506,-1.8800309271176356,hairdresser
1,1261,1261,507,-1.8800309271176356,hairdresser
1,1264,1264,508,-1.8800309271176356,hairdresser
1,1267,1267,509,-1.8800309271176356,hairdresser
1,1275,1275,510,-1.8800309271176356,hairdresser
1,1283,1283,511,-1.8800309271176356,hairdresser
1,1286,1286,512,-1.8800309271176356,hairdresser
1,1304,1304,513,-1.8800309271176356,hairdresser
1,1324,1324,514,-1.8800309271176356,hairdresser
1,1325,1325,515,-1.8800309271176356,hairdresser
1,1333,1333,516,-1.8800309271176356,hairdresser
1,1358,1358,517,-1.8800309271176356,hairdresser
1,1376,1376,518,-1.8800309271176356,hairdresser
1,1391,1391,519,-1.8800309271176356,hairdresser
1,1411,1411,520,-1.8800309271176356,hairdresser
1,1413,1413,521,-1.8800309271176356,hairdresser
1,1418,1418,522,-1.8800309271176356,hairdresser
1,1419,1419,523,-1.8800309271176356,hairdresser
1,1424,1424,524,-1.8800309271176356,hairdresser
1,1426,1426,525,-1.8800309271176356,hairdresser
1,1442,1442,526,-1.8800309271176356,hairdresser
1,1464,1464,527,-1.8800309271176356,hairdresser
1,1466,1466,528,-1.8800309271176356,hairdresser
1,1469,1469,529,-1.8800309271176356,hairdresser
1,1472,1472,530,-1.8800309271176356,hairdresser
1,1473,1473,531,-1.8800309271176356,hairdresser
1,1487,1487,532,-1.8800309271176356,hairdresser
1,1494,1494,533,-1.8800309271176356,hairdresser
1,1501,1501,534,-1.8800309271176356,hairdresser
1,1519,1519,535,-1.8800309271176356,hairdresser
1,1550,1550,536,-1.8800309271176356,hairdresser
1,1552,1552,537,-1.8800309271176356,hairdresser
1,1562,1562,538,-1.8800309271176356,hairdresser
1,1564,1564,539,-1.8800309271176356,hairdresser
1,1610,1610,540,-1.8800309271176356,hairdresser
1,1619,1619,541,-1.8800309271176356,hairdresser
1,1627,1627,542,-1.8800309271176356,hairdresser
1,1633,1633,543,-1.8800309271176356,hairdresser
1,1662,1662,544,-1.8800309271176356,hairdresser
1,1664,1664,545,-1.8800309271176356,hairdresser
1,1724,1724,546,-1.8800309271176356,hairdresser
1,1772,1772,547,-1.8800309271176356,hairdresser
1,1797,1797,548,-1.8800309271176356,hairdresser
1,1812,1812,549,-1.8800309271176356,hairdresser
1,1874,1874,550,-1.8800309271176356,hairdresser
1,1978,1978,551,-1.8800309271176356,hairdresser
1,2003,2003,552,-1.8800309271176356,hairdresser
1,2159,2159,553,-1.8800309271176356,hairdresser
1,2182,2182,554,-1.8800309271176356,hairdresser
1,2183,2183,555,-1.8800309271176356,hairdresser
1,2231,2231,556,-1.8800309271176356,hairdresser
1,2233,2233,557,-1.8800309271176356,hairdresser
1,2329,2329,558,-1.8800309271176356,hairdresser
1,2422,2422,559,-1.8800309271176356,hairdresser
1,3001,3001,560,-1.8800309271176356,hairdresser
1,3004,3004,561,-1.8800309271176356,hairdresser
1,3006,3006,562,-1.8800309271176356,hairdresser
1,3008,3008,563,-1.8800309271176356,hairdresser
1,3013,3013,564,-1.8800309271176356,hairdresser
1,3018,3018,565,-1.8800309271176356,hairdresser
1,3019,3019,566,-1.8800309271176356,hairdresser
1,3020,3020,567,-1.8800309271176356,hairdresser
1,3021,3021,568,-1.8800309271176356,hairdresser
1,3026,3026,569,-1.8800309271176356,hairdresser
1,3033,3033,570,-1.8800309271176356,hairdresser
1,3040,3040,571,-1.8800309271176356,hairdresser
1,3047,3047,572,-1.8800309271176356,hairdresser
1,1,1,573,-1.9351596716662722,hairdresser
1,22,22,574,-1.9351596716662722,hairdresser
1,23,23,575,-1.9351596716662722,hairdresser
1,30,30,576,-1.9351596716662722,hairdresser
1,43,43,577,-1.9351596716662722,hairdresser
1,51,51,578,-1.9351596716662722,hairdresser
1,62,62,579,-1.9351596716662722,hairdresser
1,65,65,580,-1.9351596716662722,hairdresser
1,75,75,581,-1.9351596716662722,hairdresser
1,80,80,582,-1.9351596716662722,hairdresser
1,107,107,583,-1.9351596716662722,hairdresser
1,127,127,584,-1.9351596716662722,hairdresser
1,133,133,585,-1.9351596716662722,hairdresser
1,135,135,586,-1.9351596716662722,hairdresser
1,152,152,587,-1.9351596716662722,hairdresser
1,178,178,588,-1.9351596716662722,hairdresser
1,186,186,589,-1.9351596716662722,hairdresser
1,190,190,590,-1.9351596716662722,hairdresser
1,204,204,591,-1.9351596716662722,hairdresser
1,209,209,592,-1.9351596716662722,hairdresser
1,227,227,593,-1.9351596716662722,hairdresser
1,228,228,594,-1.9351596716662722,hairdresser
1,238,238,595,-1.9351596716662722,hairdresser
1,247,247,596,-1.9351596716662722,hairdresser
1,258,258,597,-1.9351596716662722,hairdresser
1,267,267,598,-1.9351596716662722,hairdresser
1,268,268,599,-1.9351596716662722,hairdresser
1,269,269,600,-1.9351596716662722,hairdresser
1,296,296,601,-1.9351596716662722,hairdresser
1,307,307,602,-1.9351596716662722,hairdresser
1,349,349,603,-1.9351596716662722,hairdresser
1,351,351,604,-1.9351596716662722,hairdresser
1,359,359,605,-1.9351596716662722,hairdresser
1,366,366,606,-1.9351596716662722,hairdresser
1,375,375,607,-1.9351596716662722,hairdresser
1,385,385,608,-1.9351596716662722,hairdresser
1,386,386,609,-1.9351596716662722,hairdresser
1,389,389,610,-1.9351596716662722,hairdresser
1,398,398,611,-1.9351596716662722,hairdresser
1,399,399,612,-1.9351596716662722,hairdresser
1,412,412,613,-1.9351596716662722,hairdresser
1,426,426,614,-1.9351596716662722,hairdresser
1,427,427,615,-1.9351596716662722,hairdresser
1,428,428,616,-1.9351596716662722,hairdresser
1,430,430,617,-1.9351596716662722,hairdresser
1,431,431,618,-1.9351596716662722,hairdresser
1,435,435,619,-1.9351596716662722,hairdresser
1,439,439,620,-1.9351596716662722,hairdresser
1,440,440,621,-1.9351596716662722,hairdresser
1,447,447,622,-1.9351596716662722,hairdresser
1,455,455,623,-1.9351596716662722,hairdresser
1,468,468,624,-1.9351596716662722,hairdresser
1,480,480,625,-1.9351596716662722,hairdresser
1,482,482,626,-1.9351596716662722,hairdresser
1,488,488,627,-1.9351596716662722,hairdresser
1,495,495,628,-1.9351596716662722,hairdresser
1,506,506,629,-1.9351596716662722,hairdresser
1,513,513,630,-1.9351596716662722,hairdresser
1,562,562,631,-1.9351596716662722,hairdresser
1,579,579,632,-1.9351596716662722,hairdresser
1,587,587,633,-1.9351596716662722,hairdresser
1,597,597,634,-1.9351596716662722,hairdresser
1,606,606,635,-1.9351596716662722,hairdresser
1,629,629,636,-1.9351596716662722,hairdresser
1,642,642,637,-1.9351596716662722,hairdresser
1,657,657,638,-1.9351596716662722,hairdresser
1,661,661,639,-1.9351596716662722,hairdresser
1,670,670,640,-1.9351596716662722,hairdresser
1,673,673,641,-1.9351596716662722,hairdresser
1,683,683,642,-1.9351596716662722,hairdresser
1,687,687,643,-1.9351596716662722,hairdresser
1,690,690,644,-1.9351596716662722,hairdresser
1,696,696,645,-1.9351596716662722,hairdresser
1,698,698,646,-1.9351596716662722,hairdresser
1,700,700,647,-1.9351596716662722,hairdresser
1,702,702,648,-1.9351596716662722,hairdresser
1,726,726,649,-1.9351596716662722,hairdresser
1,738,738,650,-1.9351596716662722,hairdresser
1,748,748,651,-1.9351596716662722,hairdresser
1,749,749,652,-1.9351596716662722,hairdresser
1,764,764,653,-1.9351596716662722,hairdresser
1,773,773,654,-1.9351596716662722,hairdresser
1,788,788,655,-1.9351596716662722,hairdresser
1,810,810,656,-1.9351596716662722,hairdresser
1,818,818,657,-1.9351596716662722,hairdresser
1,836,836,658,-1.9351596716662722,hairdresser
1,842,842,659,-1.9351596716662722,hairdresser
1,845,845,660,-1.9351596716662722,hairdresser
1,852,852,661,-1.9351596716662722,hairdresser
1,857,857,662,-1.9351596716662722,hairdresser
1,859,859,663,-1.9351596716662722,hairdresser
1,882,882,664,-1.9351596716662722,hairdresser
1,889,889,665,-1.9351596716662722,hairdresser
1,890,890,666,-1.9351596716662722,hairdresser
1,901,901,667,-1.9351596716662722,hairdresser
1,902,902,668,-1.9351596716662722,hairdresser
1,909,909,669,-1.9351596716662722,hairdresser
1,920,920,670,-1.9351596716662722,hairdresser
1,925,925,671,-1.9351596716662722,hairdresser
1,931,931,672,-1.9351596716662722,hairdresser
1,936,936,673,-1.9351596716662722,hairdresser
1,956,956,674,-1.9351596716662722,hairdresser
1,968,968,675,-1.9351596716662722,hairdresser
1,969,969,676,-1.9351596716662722,hairdresser
1,974,974,677,-1.9351596716662722,hairdresser
1,979,979,678,-1.9351596716662722,hairdresser
1,994,994,679,-1.9351596716662722,hairdresser
1,1012,1012,680,-1.9351596716662722,hairdresser
1,1034,1034,681,-1.9351596716662722,hairdresser
1,1049,1049,682,-1.9351596716662722,hairdresser
1,1051,1051,683,-1.9351596716662722,hairdresser
1,1052,1052,684,-1.9351596716662722,hairdresser
1,1056,1056,685,-1.9351596716662722,hairdresser
1,1058,1058,686,-1.9351596716662722,hairdresser
1,1069,1069,687,-1.9351596716662722,hairdresser
1,1090,1090,688,-1.9351596716662722,hairdresser
1,1093,1093,689,-1.9351596716662722,hairdresser
1,1098,1098,690,-1.9351596716662722,hairdresser
1,1101,1101,691,-1.9351596716662722,hairdresser
1,1108,1108,692,-1.9351596716662722,hairdresser
1,1111,1111,693,-1.9351596716662722,hairdresser
1,1124,1124,694,-1.9351596716662722,hairdresser
1,1129,1129,695,-1.9351596716662722,hairdresser
1,1136,1136,696,-1.9351596716662722,hairdresser
1,1143,1143,697,-1.9351596716662722,hairdresser
1,1203,1203,698,-1.9351596716662722,hairdresser
1,1206,1206,699,-1.9351596716662722,hairdresser
1,1208,1208,700,-1.9351596716662722,hairdresser
1,1211,1211,701,-1.9351596716662722,hairdresser
1,1241,1241,702,-1.9351596716662722,hairdresser
1,1257,1257,703,-1.9351596716662722,hairdresser
1,1262,1262,704,-1.9351596716662722,hairdresser
1,1276,1276,705,-1.9351596716662722,hairdresser
1,1288,1288,706,-1.9351596716662722,hairdresser
1,1298,1298,707,-1.9351596716662722,hairdresser
1,1305,1305,708,-1.9351596716662722,hairdresser
1,1316,1316,709,-1.9351596716662722,hairdresser
1,1326,1326,710,-1.9351596716662722,hairdresser
1,1338,1338,711,-1.9351596716662722,hairdresser
1,1339,1339,712,-1.9351596716662722,hairdresser
1,1352,1352,713,-1.9351596716662722,hairdresser
1,1364,1364,714,-1.9351596716662722,hairdresser
1,1381,1381,715,-1.9351596716662722,hairdresser
1,1385,1385,716,-1.9351596716662722,hairdresser
1,1387,1387,717,-1.9351596716662722,hairdresser
1,1404,1404,718,-1.9351596716662722,hairdresser
1,1408,1408,719,-1.9351596716662722,hairdresser
1,1412,1412,720,-1.9351596716662722,hairdresser
1,1421,1421,721,-1.9351596716662722,hairdresser
1,1433,1433,722,-1.9351596716662722,hairdresser
1,1440,1440,723,-1.9351596716662722,hairdresser
1,1446,1446,724,-1.9351596716662722,hairdresser
1,1457,1457,725,-1.9351596716662722,hairdresser
1,1465,1465,726,-1.9351596716662722,hairdresser
1,1488,1488,727,-1.9351596716662722,hairdresser
1,1491,1491,728,-1.9351596716662722,hairdresser
1,1496,1496,729,-1.9351596716662722,hairdresser
1,1500,1500,730,-1.9351596716662722,hairdresser
1,1508,1508,731,-1.9351596716662722,hairdresser
1,1532,1532,732,-1.9351596716662722,hairdresser
1,1539,1539,733,-1.9351596716662722,hairdresser
1,1543,1543,734,-1.9351596716662722,hairdresser
1,1551,1551,735,-1.9351596716662722,hairdresser
1,1561,1561,736,-1.9351596716662722,hairdresser
1,1586,1586,737,-1.9351596716662722,hairdresser
1,1588,1588,738,-1.9351596716662722,hairdresser
1,1590,1590,739,-1.9351596716662722,hairdresser
1,1615,1615,740,-1.9351596716662722,hairdresser
1,1617,1617,741,-1.9351596716662722,hairdresser
1,1636,1636,742,-1.9351596716662722,hairdresser
1,1648,1648,743,-1.9351596716662722,hairdresser
1,1653,1653,744,-1.9351596716662722,hairdresser
1,1660,1660,745,-1.9351596716662722,hairdresser
1,1709,1709,746,-1.9351596716662722,hairdresser
1,1710,1710,747,-1.9351596716662722,hairdresser
1,1727,1727,748,-1.9351596716662722,hairdresser
1,1781,1781,749,-1.9351596716662722,hairdresser
1,1790,1790,750,-1.9351596716662722,hairdresser
1,1807,1807,751,-1.9351596716662722,hairdresser
1,1818,1818,752,-1.9351596716662722,hairdresser
1,1825,1825,753,-1.9351596716662722,hairdresser
1,1923,1923,754,-1.9351596716662722,hairdresser
1,1966,1966,755,-1.9351596716662722,hairdresser
1,1989,1989,756,-1.9351596716662722,hairdresser
1,2004,2004,757,-1.9351596716662722,hairdresser
1,2029,2029,758,-1.9351596716662722,hairdresser
1,2096,2096,759,-1.9351596716662722,hairdresser
1,2144,2144,760,-1.9351596716662722,hairdresser
1,2151,2151,761,-1.9351596716662722,hairdresser
1,2158,2158,762,-1.9351596716662722,hairdresser
1,2169,2169,763,-1.9351596716662722,hairdresser
1,2211,2211,764,-1.9351596716662722,hairdresser
1,2215,2215,765,-1.9351596716662722,hairdresser
1,2226,2226,766,-1.9351596716662722,hairdresser
1,2230,2230,767,-1.9351596716662722,hairdresser
1,2238,2238,768,-1.9351596716662722,hairdresser
1,2253,2253,769,-1.9351596716662722,hairdresser
1,2255,2255,770,-1.9351596716662722,hairdresser
1,2277,2277,771,-1.9351596716662722,hairdresser
1,2301,2301,772,-1.9351596716662722,hairdresser
1,2305,2305,773,-1.9351596716662722,hairdresser
1,2345,2345,774,-1.9351596716662722,hairdresser
1,2347,2347,775,-1.9351596716662722,hairdresser
1,2357,2357,776,-1.9351596716662722,hairdresser
1,2364,2364,777,-1.9351596716662722,hairdresser
1,2378,2378,778,-1.9351596716662722,hairdresser
1,2411,2411,779,-1.9351596716662722,hairdresser
1,3014,3014,780,-1.9351596716662722,hairdresser
1,3017,3017,781,-1.9351596716662722,hairdresser
1,3023,3023,782,-1.9351596716662722,hairdresser
1,3024,3024,783,-1.9351596716662722,hairdresser
1,3025,3025,784,-1.9351596716662722,hairdresser
1,3029,3029,785,-1.9351596716662722,hairdresser
1,3031,3031,786,-1.9351596716662722,hairdresser
1,3038,3038,787,-1.9351596716662722,hairdresser
1,3048,3048,788,-1.9351596716662722,hairdresser
1,0,0,789,-1.9936192012888023,hairdresser
1,3,3,790,-1.9936192012888023,hairdresser
1,14,14,791,-1.9936192012888023,hairdresser
1,15,15,792,-1.9936192012888023,hairdresser
1,19,19,793,-1.9936192012888023,hairdresser
1,24,24,794,-1.9936192012888023,hairdresser
1,25,25,795,-1.9936192012888023,hairdresser
1,38,38,796,-1.9936192012888023,hairdresser
1,40,40,797,-1.9936192012888023,hairdresser
1,47,47,798,-1.9936192012888023,hairdresser
1,81,81,799,-1.9936192012888023,hairdresser
1,96,96,800,-1.9936192012888023,hairdresser
1,109,109,801,-1.9936192012888023,hairdresser
1,113,113,802,-1.9936192012888023,hairdresser
1,121,121,803,-1.9936192012888023,hairdresser
1,130,130,804,-1.9936192012888023,hairdresser
1,180,180,805,-1.9936192012888023,hairdresser
1,185,185,806,-1.9936192012888023,hairdresser
1,202,202,807,-1.9936192012888023,hairdresser
1,206,206,808,-1.9936192012888023,hairdresser
1,207,207,809,-1.9936192012888023,hairdresser
1,208,208,810,-1.9936192012888023,hairdresser
1,212,212,811,-1.9936192012888023,hairdresser
1,213,213,812,-1.9936192012888023,hairdresser
1,214,214,813,-1.9936192012888023,hairdresser
1,219,219,814,-1.9936192012888023,hairdresser
1,220,220,815,-1.9936192012888023,hairdresser
1,224,224,816,-1.9936192012888023,hairdresser
1,225,225,817,-1.9936192012888023,hairdresser
1,245,245,818,-1.9936192012888023,hairdresser
1,249,249,819,-1.9936192012888023,hairdresser
1,253,253,820,-1.9936192012888023,hairdresser
1,257,257,821,-1.9936192012888023,hairdresser
1,259,259,822,-1.9936192012888023,hairdresser
1,262,262,823,-1.9936192012888023,hairdresser
1,275,275,824,-1.9936192012888023,hairdresser
1,278,278,825,-1.9936192012888023,hairdresser
1,297,297,826,-1.9936192012888023,hairdresser
1,308,308,827,-1.9936192012888023,hairdresser
1,329,329,828,-1.9936192012888023,hairdresser
1,332,332,829,-1.9936192012888023,hairdresser
1,347,347,830,-1.9936192012888023,hairdresser
1,354,354,831,-1.9936192012888023,hairdresser
1,364,364,832,-1.9936192012888023,hairdresser
1,369,369,833,-1.9936192012888023,hairdresser
1,374,374,834,-1.9936192012888023,hairdresser
1,381,381,835,-1.9936192012888023,hairdresser
1,392,392,836,-1.9936192012888023,hairdresser
1,442,442,837,-1.9936192012888023,hairdresser
1,445,445,838,-1.9936192012888023,hairdresser
1,446,446,839,-1.9936192012888023,hairdresser
1,452,452,840,-1.9936192012888023,hairdresser
1,457,457,841,-1.9936192012888023,hairdresser
1,469,469,842,-1.9936192012888023,hairdresser
1,474,474,843,-1.9936192012888023,hairdresser
1,496,496,844,-1.9936192012888023,hairdresser
1,533,533,845,-1.9936192012888023,hairdresser
1,538,538,846,-1.9936192012888023,hairdresser
1,540,540,847,-1.9936192012888023,hairdresser
1,545,545,848,-1.9936192012888023,hairdresser
1,547,547,849,-1.9936192012888023,hairdresser
1,548,548,850,-1.9936192012888023,hairdresser
1,559,559,851,-1.9936192012888023,hairdresser
1,563,563,852,-1.9936192012888023,hairdresser
1,569,569,853,-1.9936192012888023,hairdresser
1,570,570,854,-1.9936192012888023,hairdresser
1,573,573,855,-1.9936192012888023,hairdresser
1,577,577,856,-1.9936192012888023,hairdresser
1,581,581,857,-1.9936192012888023,hairdresser
1,586,586,858,-1.9936192012888023,hairdresser
1,594,594,859,-1.9936192012888023,hairdresser
1,598,598,860,-1.9936192012888023,hairdresser
1,616,616,861,-1.9936192012888023,hairdresser
1,618,618,862,-1.9936192012888023,hairdresser
1,623,623,863,-1.9936192012888023,hairdresser
1,625,625,864,-1.9936192012888023,hairdresser
1,643,643,865,-1.9936192012888023,hairdresser
1,646,646,866,-1.9936192012888023,hairdresser
1,649,649,867,-1.9936192012888023,hairdresser
1,659,659,868,-1.9936192012888023,hairdresser
1,685,685,869,-1.9936192012888023,hairdresser
1,686,686,870,-1.9936192012888023,hairdresser
1,694,694,871,-1.9936192012888023,hairdresser
1,708,708,872,-1.9936192012888023,hairdresser
1,719,719,873,-1.9936192012888023,hairdresser
1,723,723,874,-1.9936192012888023,hairdresser
1,728,728,875,-1.9936192012888023,hairdresser
1,733,733,876,-1.9936192012888023,hairdresser
1,735,735,877,-1.9936192012888023,hairdresser
1,740,740,878,-1.9936192012888023,hairdresser
1,747,747,879,-1.9936192012888023,hairdresser
1,759,759,880,-1.9936192012888023,hairdresser
1,771,771,881,-1.9936192012888023,hairdresser
1,779,779,882,-1.9936192012888023,hairdresser
1,783,783,883,-1.9936192012888023,hairdresser
1,804,804,884,-1.9936192012888023,hairdresser
1,809,809,885,-1.9936192012888023,hairdresser
1,827,827,886,-1.9936192012888023,hairdresser
1,839,839,887,-1.9936192012888023,hairdresser
1,840,840,888,-1.9936192012888023,hairdresser
1,844,844,889,-1.9936192012888023,hairdresser
1,850,850,890,-1.9936192012888023,hairdresser
1,854,854,891,-1.9936192012888023,hairdresser
1,873,873,892,-1.9936192012888023,hairdresser
1,877,877,893,-1.9936192012888023,hairdresser
1,880,880,894,-1.9936192012888023,hairdresser
1,900,900,895,-1.9936192012888023,hairdresser
1,919,919,896,-1.9936192012888023,hairdresser
1,930,930,897,-1.9936192012888023,hairdresser
1,939,939,898,-1.9936192012888023,hairdresser
1,941,941,899,-1.9936192012888023,hairdresser
1,948,948,900,-1.9936192012888023,hairdresser
1,959,959,901,-1.9936192012888023,hairdresser
1,962,962,902,-1.9936192012888023,hairdresser
1,980,980,903,-1.9936192012888023,hairdresser
1,985,985,904,-1.9936192012888023,hairdresser
1,987,987,905,-1.9936192012888023,hairdresser
1,988,988,906,-1.9936192012888023,hairdresser
1,992,992,907,-1.9936192012888023,hairdresser
1,993,993,908,-1.9936192012888023,hairdresser
1,1022,1022,909,-1.9936192012888023,hairdresser
1,1025,1025,910,-1.9936192012888023,hairdresser
1,1028,1028,911,-1.9936192012888023,hairdresser
1,1036,1036,912,-1.9936192012888023,hairdresser
1,1039,1039,913,-1.9936192012888023,hairdresser
1,1041,1041,914,-1.9936192012888023,hairdresser
1,1048,1048,915,-1.9936192012888023,hairdresser
1,1061,1061,916,-1.9936192012888023,hairdresser
1,1063,1063,917,-1.9936192012888023,hairdresser
1,1073,1073,918,-1.9936192012888023,hairdresser
1,1075,1075,919,-1.9936192012888023,hairdresser
1,1086,1086,920,-1.9936192012888023,hairdresser
1,1091,1091,921,-1.9936192012888023,hairdresser
1,1099,1099,922,-1.9936192012888023,hairdresser
1,1102,1102,923,-1.9936192012888023,hairdresser
1,1103,1103,924,-1.9936192012888023,hairdresser
1,1107,1107,925,-1.9936192012888023,hairdresser
1,1109,1109,926,-1.9936192012888023,hairdresser
1,1112,1112,927,-1.9936192012888023,hairdresser
1,1118,1118,928,-1.9936192012888023,hairdresser
1,1120,1120,929,-1.9936192012888023,hairdresser
1,1127,1127,930,-1.9936192012888023,hairdresser
1,1133,1133,931,-1.9936192012888023,hairdresser
1,1139,1139,932,-1.9936192012888023,hairdresser
1,1146,1146,933,-1.9936192012888023,hairdresser
1,1156,1156,934,-1.9936192012888023,hairdresser
1,1161,1161,935,-1.9936192012888023,hairdresser
1,1176,1176,936,-1.9936192012888023,hairdresser
1,1181,1181,937,-1.9936192012888023,hairdresser
1,1188,1188,938,-1.9936192012888023,hairdresser
1,1189,1189,939,-1.9936192012888023,hairdresser
1,1193,1193,940,-1.9936192012888023,hairdresser
1,1196,1196,941,-1.9936192012888023,hairdresser
1,1197,1197,942,-1.9936192012888023,hairdresser
1,1200,1200,943,-1.9936192012888023,hairdresser
1,1205,1205,944,-1.9936192012888023,hairdresser
1,1226,1226,945,-1.9936192012888023,hairdresser
1,1228,1228,946,-1.9936192012888023,hairdresser
1,1232,1232,947,-1.9936192012888023,hairdresser
1,1238,1238,948,-1.9936192012888023,hairdresser
1,1239,1239,949,-1.9936192012888023,hairdresser
1,1255,1255,950,-1.9936192012888023,hairdresser
1,1256,1256,951,-1.9936192012888023,hairdresser
1,1260,1260,952,-1.9936192012888023,hairdresser
1,1263,1263,953,-1.9936192012888023,hairdresser
1,1277,1277,954,-1.9936192012888023,hairdresser
1,1279,1279,955,-1.9936192012888023,hairdresser
1,1282,1282,956,-1.9936192012888023,hairdresser
1,1291,1291,957,-1.9936192012888023,hairdresser
1,1295,1295,958,-1.9936192012888023,hairdresser
1,1301,1301,959,-1.9936192012888023,hairdresser
1,1306,1306,960,-1.9936192012888023,hairdresser
1,1307,1307,961,-1.9936192012888023,hairdresser
1,1312,1312,962,-1.9936192012888023,hairdresser
1,1313,1313,963,-1.9936192012888023,hairdresser
1,1314,1314,964,-1.9936192012888023,hairdresser
1,1318,1318,965,-1.9936192012888023,hairdresser
1,1320,1320,966,-1.9936192012888023,hairdresser
1,1321,1321,967,-1.9936192012888023,hairdresser
1,1323,1323,968,-1.9936192012888023,hairdresser
1,1348,1348,969,-1.9936192012888023,hairdresser
1,1350,1350,970,-1.9936192012888023,hairdresser
1,1354,1354,971,-1.9936192012888023,hairdresser
1,1370,1370,972,-1.9936192012888023,hairdresser
1,1372,1372,973,-1.9936192012888023,hairdresser
1,1380,1380,974,-1.9936192012888023,hairdresser
1,1384,1384,975,-1.9936192012888023,hairdresser
1,1389,1389,976,-1.9936192012888023,hairdresser
1,1403,1403,977,-1.9936192012888023,hairdresser
1,1405,1405,978,-1.9936192012888023,hairdresser
1,1416,1416,979,-1.9936192012888023,hairdresser
1,1423,1423,980,-1.9936192012888023,hairdresser
1,1447,1447,981,-1.9936192012888023,hairdresser
1,1452,1452,982,-1.9936192012888023,hairdresser
1,1458,1458,983,-1.9936192012888023,hairdresser
1,1477,1477,984,-1.9936192012888023,hairdresser
1,1484,1484,985,-1.9936192012888023,hairdresser
1,1498,1498,986,-1.9936192012888023,hairdresser
1,1503,1503,987,-1.9936192012888023,hairdresser
1,1512,1512,988,-1.9936192012888023,hairdresser
1,1517,1517,989,-1.9936192012888023,hairdresser
1,1524,1524,990,-1.9936192012888023,hairdresser
1,1529,1529,991,-1.9936192012888023,hairdresser
1,1534,1534,992,-1.9936192012888023,hairdresser
1,1542,1542,993,-1.9936192012888023,hairdresser
1,1557,1557,994,-1.9936192012888023,hairdresser
1,1558,1558,995,-1.9936192012888023,hairdresser
1,1563,1563,996,-1.9936192012888023,hairdresser
1,1565,1565,997,-1.9936192012888023,hairdresser
1,1579,1579,998,-1.9936192012888023,hairdresser
1,1584,1584,999,-1.9936192012888023,hairdresser
